{
    "epoch": 3.0,
    "total_flos": 1.9972675533694566e+17,
    "train_loss": 0.26567103709393775,
    "train_runtime": 493.5436,
    "train_samples_per_second": 8.261,
    "train_steps_per_second": 0.346
}