{
    "epoch": 2.999,
    "total_flos": 1.456365683394478e+17,
    "train_loss": 0.00920100252072255,
    "train_runtime": 452.1644,
    "train_samples_per_second": 6.635,
    "train_steps_per_second": 2.209
}