{
    "epoch": 3.0,
    "total_flos": 2.7742629250308506e+17,
    "train_loss": 0.2414230019376989,
    "train_runtime": 689.6869,
    "train_samples_per_second": 7.873,
    "train_steps_per_second": 0.331
}