{
    "epoch": 3.0,
    "total_flos": 2.7456657335464755e+17,
    "train_loss": 0.24574355964075056,
    "train_runtime": 685.4003,
    "train_samples_per_second": 7.922,
    "train_steps_per_second": 0.333
}